{
  "labels": [
    "Januari",
    "Februari",
    "Maret",
    "April",
    "Mei",
    "Juni",
    "Juli",
    "Agustus",
    "September",
    "Oktober",
    "November",
    "Desember"
  ],
  "primary_importance": [
    0.6028523230986121,
    0.6028523230986121,
    0.6028523230986121,
    0.6028523230986121,
    0.6028523230986121,
    0.6028523230986121,
    0.6028523230986121,
    0.6028523230986121,
    0.6028523230986121,
    0.6028523230986121,
    0.6028523230986121,
    0.6028523230986121
  ],
  "secondary_importance": [
    0.19439102829774155,
    0.19439102829774155,
    0.19439102829774155,
    0.19439102829774155,
    0.19439102829774155,
    0.19439102829774155,
    0.19439102829774155,
    0.19439102829774155,
    0.19439102829774155,
    0.19439102829774155,
    0.19439102829774155,
    0.19439102829774155
  ],
  "tertiary_importance": [
    0.09235165786503506,
    0.09235165786503506,
    0.09235165786503506,
    0.09235165786503506,
    0.09235165786503506,
    0.09235165786503506,
    0.09235165786503506,
    0.09235165786503506,
    0.09235165786503506,
    0.09235165786503506,
    0.09235165786503506,
    0.09235165786503506
  ],
  "primary_factors": [
    "Kepadatan Penduduk",
    "Kepadatan Penduduk",
    "Kepadatan Penduduk",
    "Kepadatan Penduduk",
    "Kepadatan Penduduk",
    "Kepadatan Penduduk",
    "Kepadatan Penduduk",
    "Kepadatan Penduduk",
    "Kepadatan Penduduk",
    "Kepadatan Penduduk",
    "Kepadatan Penduduk",
    "Kepadatan Penduduk"
  ]
}